{
    "NDCG@1": 0.895172,
    "NDCG@3": 0.885084,
    "NDCG@5": 0.839456,
    "NDCG@10": 0.750212,
    "NDCG@100": 0.77684,
    "NDCG@1000": 0.8418340000000001,
    "MRR@1": 0.895172,
    "MRR@3": 0.9139379999999999,
    "MRR@5": 0.9270119999999998,
    "MRR@10": 0.9275099999999998,
    "MRR@100": 0.9282299999999999,
    "MRR@1000": 0.9282299999999999,
    "Recall@1": 0.176902,
    "Recall@3": 0.322656,
    "Recall@5": 0.41248399999999996,
    "Recall@10": 0.5148699999999999,
    "Recall@100": 0.8178559999999999,
    "Recall@1000": 1.0,
    "P@1": 0.895172,
    "P@3": 0.80824,
    "P@5": 0.712604,
    "P@10": 0.5232980000000002,
    "P@100": 0.10710599999999999,
    "P@1000": 0.014162000000000003,
    "time": 13.018637895584106
}