{"NDCG@1": 0.73984, "NDCG@3": 0.678002, "NDCG@5": 0.5868420000000001, "NDCG@10": 0.505548, "NDCG@100": 0.5642780000000001, "NDCG@1000": 0.653964, "MRR@1": 0.73984, "MRR@3": 0.7800819999999999, "MRR@5": 0.782172, "MRR@10": 0.783066, "MRR@100": 0.7859659999999999, "MRR@1000": 0.7861739999999999, "Recall@1": 0.061253999999999996, "Recall@3": 0.14905, "Recall@5": 0.187798, "Recall@10": 0.266004, "Recall@100": 0.699066, "Recall@1000": 1.0, "P@1": 0.73984, "P@3": 0.653312, "P@5": 0.527934, "P@10": 0.409446, "P@100": 0.09978000000000001, "P@1000": 0.014162000000000003, "time": 13.659523010253906}