{
    "NDCG@1": 0.9132239999999999,
    "NDCG@3": 0.8817920000000001,
    "NDCG@5": 0.8320039999999999,
    "NDCG@10": 0.732442,
    "NDCG@100": 0.7642239999999999,
    "NDCG@1000": 0.831866,
    "MRR@1": 0.9132239999999999,
    "MRR@3": 0.939002,
    "MRR@5": 0.9422079999999999,
    "MRR@10": 0.942704,
    "MRR@100": 0.94329,
    "MRR@1000": 0.94329,
    "Recall@1": 0.17836400000000002,
    "Recall@3": 0.31382000000000004,
    "Recall@5": 0.39891200000000004,
    "Recall@10": 0.48934599999999995,
    "Recall@100": 0.808302,
    "Recall@1000": 1.0,
    "P@1": 0.9132239999999999,
    "P@3": 0.8005000000000001,
    "P@5": 0.702908,
    "P@10": 0.507268,
    "P@100": 0.106226,
    "P@1000": 0.014162000000000003,
    "time": 13.725884866714477
}