{"NDCG@1": 0.9030380000000001, "NDCG@3": 0.886256, "NDCG@5": 0.8444879999999999, "NDCG@10": 0.74921, "NDCG@100": 0.775298, "NDCG@1000": 0.8408380000000001, "MRR@1": 0.9030380000000001, "MRR@3": 0.9277799999999999, "MRR@5": 0.933794, "MRR@10": 0.9342900000000001, "MRR@100": 0.934876, "MRR@1000": 0.934876, "Recall@1": 0.177208, "Recall@3": 0.31856, "Recall@5": 0.413698, "Recall@10": 0.513692, "Recall@100": 0.816258, "Recall@1000": 1.0, "P@1": 0.9030380000000001, "P@3": 0.807948, "P@5": 0.7196199999999999, "P@10": 0.521138, "P@100": 0.106786, "P@1000": 0.014162000000000003, "time": 14.119631958007812}