{"NDCG@1": 0.9970140000000001, "NDCG@3": 0.9821300000000001, "NDCG@5": 0.9568439999999999, "NDCG@10": 0.92208, "NDCG@100": 0.9389480000000001, "MRR@1": 0.9970140000000001, "MRR@3": 0.998508, "MRR@5": 0.998508, "MRR@10": 0.998508, "MRR@100": 0.998508, "Recall@1": 0.18444, "Recall@3": 0.343058, "Recall@5": 0.45641, "Recall@10": 0.6365639999999999, "Recall@100": 0.9514319999999999, "P@1": 0.9970140000000001, "P@3": 0.905016, "P@5": 0.8402700000000001, "P@10": 0.721484, "P@100": 0.135966, "time": 2.7795549392700196}