{
    "NDCG@1": 0.9970140000000001,
    "NDCG@3": 0.975042,
    "NDCG@5": 0.95339,
    "NDCG@10": 0.9206340000000001,
    "NDCG@100": 0.937998,
    "MRR@1": 0.9970140000000001,
    "MRR@3": 0.998508,
    "MRR@5": 0.998508,
    "MRR@10": 0.998508,
    "MRR@100": 0.998508,
    "Recall@1": 0.18444,
    "Recall@3": 0.341062,
    "Recall@5": 0.453336,
    "Recall@10": 0.6358140000000001,
    "Recall@100": 0.9517520000000002,
    "P@1": 0.9970140000000001,
    "P@3": 0.8950659999999999,
    "P@5": 0.836984,
    "P@10": 0.7210319999999999,
    "P@100": 0.13601000000000002,
    "time": 2.483350944519043
}